pub_order,cycle,dataset,sequence_index,sequence_kind,payload_index,char_index,char_sent,bit_in_char,bit_sent,circuit_hash,transpile_hash
0,1,NULO,60,PAYLOAD,44,4,S,8,1,4cfd64574be51110,958794348209a838
1,2,NULO,38,PAYLOAD,22,2,N,4,1,4cfd64574be51110,958794348209a838
2,2,REAL,10,HEADER,-1,-1,,-1,0,f7f31345a1f8cd81,d6fdbd858942d985
3,1,PHAN_STRICT_POSTHOC,19,PAYLOAD,3,3,U,0,0,f7f31345a1f8cd81,d6fdbd858942d985
4,0,NULO,57,PAYLOAD,41,1,A,8,1,4cfd64574be51110,958794348209a838
5,1,REAL,13,HEADER,-1,-1,,-1,1,1145d10ea689307a,45d066a2b0da3167
6,2,REAL,38,PAYLOAD,22,2,N,4,1,1145d10ea689307a,45d066a2b0da3167
7,2,REAL,17,PAYLOAD,1,1,A,0,1,1145d10ea689307a,45d066a2b0da3167
8,0,NULO,39,PAYLOAD,23,3,U,4,0,ac38ecf3e7ea6c8f,11db72cfd0ef8b79
9,1,NULO,34,PAYLOAD,18,3,U,3,1,4cfd64574be51110,958794348209a838
10,0,NULO,7,HEADER,-1,-1,,-1,1,4cfd64574be51110,958794348209a838
11,0,PHAN_STRICT_POSTHOC,42,PAYLOAD,26,1,A,5,0,f7f31345a1f8cd81,d6fdbd858942d985
12,0,REAL,8,HEADER,-1,-1,,-1,0,f7f31345a1f8cd81,d6fdbd858942d985
13,2,PHAN_STRICT_POSTHOC,37,PAYLOAD,21,1,A,4,0,f7f31345a1f8cd81,d6fdbd858942d985
14,1,NULO,52,PAYLOAD,36,1,A,7,1,4cfd64574be51110,958794348209a838
15,1,REAL,7,HEADER,-1,-1,,-1,1,1145d10ea689307a,45d066a2b0da3167
16,0,PHAN_STRICT_POSTHOC,55,PAYLOAD,39,4,S,7,1,f7f31345a1f8cd81,d6fdbd858942d985
17,1,REAL,16,PAYLOAD,0,0,J,0,0,f7f31345a1f8cd81,d6fdbd858942d985
18,1,NULO,9,HEADER,-1,-1,,-1,1,4cfd64574be51110,958794348209a838
19,0,PHAN_STRICT_POSTHOC,34,PAYLOAD,18,3,U,3,1,f7f31345a1f8cd81,d6fdbd858942d985
20,0,NULO,49,PAYLOAD,33,3,U,6,0,ac38ecf3e7ea6c8f,11db72cfd0ef8b79
21,1,NULO,24,PAYLOAD,8,3,U,1,0,ac38ecf3e7ea6c8f,11db72cfd0ef8b79
22,2,REAL,56,PAYLOAD,40,0,J,8,0,f7f31345a1f8cd81,d6fdbd858942d985
23,2,PHAN_STRICT_POSTHOC,19,PAYLOAD,3,3,U,0,0,f7f31345a1f8cd81,d6fdbd858942d985
24,1,NULO,23,PAYLOAD,7,2,N,1,0,ac38ecf3e7ea6c8f,11db72cfd0ef8b79
25,2,REAL,8,HEADER,-1,-1,,-1,0,f7f31345a1f8cd81,d6fdbd858942d985
26,2,REAL,19,PAYLOAD,3,3,U,0,0,f7f31345a1f8cd81,d6fdbd858942d985
27,0,NULO,31,PAYLOAD,15,0,J,3,0,ac38ecf3e7ea6c8f,11db72cfd0ef8b79
28,2,NULO,57,PAYLOAD,41,1,A,8,1,4cfd64574be51110,958794348209a838
29,1,REAL,34,PAYLOAD,18,3,U,3,1,1145d10ea689307a,45d066a2b0da3167
30,1,REAL,30,PAYLOAD,14,4,S,2,1,1145d10ea689307a,45d066a2b0da3167
31,2,NULO,23,PAYLOAD,7,2,N,1,0,ac38ecf3e7ea6c8f,11db72cfd0ef8b79
32,1,REAL,9,HEADER,-1,-1,,-1,1,1145d10ea689307a,45d066a2b0da3167
33,1,PHAN_STRICT_POSTHOC,29,PAYLOAD,13,3,U,2,1,f7f31345a1f8cd81,d6fdbd858942d985
34,2,REAL,57,PAYLOAD,41,1,A,8,1,1145d10ea689307a,45d066a2b0da3167
35,1,PHAN_STRICT_POSTHOC,35,PAYLOAD,19,4,S,3,1,f7f31345a1f8cd81,d6fdbd858942d985
36,0,REAL,59,PAYLOAD,43,3,U,8,1,1145d10ea689307a,45d066a2b0da3167
37,2,NULO,28,PAYLOAD,12,2,N,2,0,ac38ecf3e7ea6c8f,11db72cfd0ef8b79
38,1,REAL,50,PAYLOAD,34,4,S,6,1,1145d10ea689307a,45d066a2b0da3167
39,1,PHAN_STRICT_POSTHOC,58,PAYLOAD,42,2,N,8,0,f7f31345a1f8cd81,d6fdbd858942d985
40,1,PHAN_STRICT_POSTHOC,48,PAYLOAD,32,2,N,6,1,f7f31345a1f8cd81,d6fdbd858942d985
41,0,PHAN_STRICT_POSTHOC,25,PAYLOAD,9,4,S,1,0,f7f31345a1f8cd81,d6fdbd858942d985
42,1,NULO,22,PAYLOAD,6,1,A,1,0,ac38ecf3e7ea6c8f,11db72cfd0ef8b79
43,2,PHAN_STRICT_POSTHOC,39,PAYLOAD,23,3,U,4,0,f7f31345a1f8cd81,d6fdbd858942d985
44,0,PHAN_STRICT_POSTHOC,32,PAYLOAD,16,1,A,3,0,f7f31345a1f8cd81,d6fdbd858942d985
45,1,NULO,1,HEADER,-1,-1,,-1,1,4cfd64574be51110,958794348209a838
46,0,REAL,37,PAYLOAD,21,1,A,4,0,f7f31345a1f8cd81,d6fdbd858942d985
47,0,PHAN_STRICT_POSTHOC,9,HEADER,-1,-1,,-1,1,f7f31345a1f8cd81,d6fdbd858942d985
48,0,NULO,44,PAYLOAD,28,3,U,5,1,4cfd64574be51110,958794348209a838
49,1,NULO,18,PAYLOAD,2,2,N,0,0,ac38ecf3e7ea6c8f,11db72cfd0ef8b79
50,2,NULO,58,PAYLOAD,42,2,N,8,0,ac38ecf3e7ea6c8f,11db72cfd0ef8b79
51,0,REAL,21,PAYLOAD,5,0,J,1,1,1145d10ea689307a,45d066a2b0da3167
52,1,REAL,35,PAYLOAD,19,4,S,3,1,1145d10ea689307a,45d066a2b0da3167
53,1,PHAN_STRICT_POSTHOC,40,PAYLOAD,24,4,S,4,0,f7f31345a1f8cd81,d6fdbd858942d985
54,0,PHAN_STRICT_POSTHOC,21,PAYLOAD,5,0,J,1,1,f7f31345a1f8cd81,d6fdbd858942d985
55,1,PHAN_STRICT_POSTHOC,14,HEADER,-1,-1,,-1,0,f7f31345a1f8cd81,d6fdbd858942d985
56,0,REAL,41,PAYLOAD,25,0,J,5,0,f7f31345a1f8cd81,d6fdbd858942d985
57,2,NULO,33,PAYLOAD,17,2,N,3,1,4cfd64574be51110,958794348209a838
58,0,PHAN_STRICT_POSTHOC,40,PAYLOAD,24,4,S,4,0,f7f31345a1f8cd81,d6fdbd858942d985
59,1,NULO,44,PAYLOAD,28,3,U,5,1,4cfd64574be51110,958794348209a838
60,1,REAL,47,PAYLOAD,31,1,A,6,0,f7f31345a1f8cd81,d6fdbd858942d985
61,0,NULO,50,PAYLOAD,34,4,S,6,1,4cfd64574be51110,958794348209a838
62,2,PHAN_STRICT_POSTHOC,38,PAYLOAD,22,2,N,4,1,f7f31345a1f8cd81,d6fdbd858942d985
63,1,PHAN_STRICT_POSTHOC,56,PAYLOAD,40,0,J,8,0,f7f31345a1f8cd81,d6fdbd858942d985
64,2,NULO,56,PAYLOAD,40,0,J,8,0,ac38ecf3e7ea6c8f,11db72cfd0ef8b79
65,2,REAL,42,PAYLOAD,26,1,A,5,0,f7f31345a1f8cd81,d6fdbd858942d985
66,1,PHAN_STRICT_POSTHOC,31,PAYLOAD,15,0,J,3,0,f7f31345a1f8cd81,d6fdbd858942d985
67,1,REAL,58,PAYLOAD,42,2,N,8,0,f7f31345a1f8cd81,d6fdbd858942d985
68,1,REAL,18,PAYLOAD,2,2,N,0,0,f7f31345a1f8cd81,d6fdbd858942d985
69,2,PHAN_STRICT_POSTHOC,20,PAYLOAD,4,4,S,0,1,f7f31345a1f8cd81,d6fdbd858942d985
70,2,PHAN_STRICT_POSTHOC,24,PAYLOAD,8,3,U,1,0,f7f31345a1f8cd81,d6fdbd858942d985
71,2,PHAN_STRICT_POSTHOC,46,PAYLOAD,30,0,J,6,1,f7f31345a1f8cd81,d6fdbd858942d985
72,1,NULO,42,PAYLOAD,26,1,A,5,0,ac38ecf3e7ea6c8f,11db72cfd0ef8b79
73,2,NULO,20,PAYLOAD,4,4,S,0,1,4cfd64574be51110,958794348209a838
74,1,NULO,35,PAYLOAD,19,4,S,3,1,4cfd64574be51110,958794348209a838
75,1,REAL,15,HEADER,-1,-1,,-1,1,1145d10ea689307a,45d066a2b0da3167
76,2,REAL,45,PAYLOAD,29,4,S,5,0,f7f31345a1f8cd81,d6fdbd858942d985
77,1,REAL,52,PAYLOAD,36,1,A,7,1,1145d10ea689307a,45d066a2b0da3167
78,1,NULO,5,HEADER,-1,-1,,-1,1,4cfd64574be51110,958794348209a838
79,2,PHAN_STRICT_POSTHOC,14,HEADER,-1,-1,,-1,0,f7f31345a1f8cd81,d6fdbd858942d985
80,0,NULO,35,PAYLOAD,19,4,S,3,1,4cfd64574be51110,958794348209a838
81,2,PHAN_STRICT_POSTHOC,49,PAYLOAD,33,3,U,6,0,f7f31345a1f8cd81,d6fdbd858942d985
82,1,PHAN_STRICT_POSTHOC,50,PAYLOAD,34,4,S,6,1,f7f31345a1f8cd81,d6fdbd858942d985
83,0,NULO,25,PAYLOAD,9,4,S,1,0,ac38ecf3e7ea6c8f,11db72cfd0ef8b79
84,1,PHAN_STRICT_POSTHOC,60,PAYLOAD,44,4,S,8,1,f7f31345a1f8cd81,d6fdbd858942d985
85,2,REAL,6,HEADER,-1,-1,,-1,0,f7f31345a1f8cd81,d6fdbd858942d985
86,0,REAL,22,PAYLOAD,6,1,A,1,0,f7f31345a1f8cd81,d6fdbd858942d985
87,2,REAL,39,PAYLOAD,23,3,U,4,0,f7f31345a1f8cd81,d6fdbd858942d985
88,2,NULO,9,HEADER,-1,-1,,-1,1,4cfd64574be51110,958794348209a838
89,2,PHAN_STRICT_POSTHOC,60,PAYLOAD,44,4,S,8,1,f7f31345a1f8cd81,d6fdbd858942d985
90,0,NULO,18,PAYLOAD,2,2,N,0,0,ac38ecf3e7ea6c8f,11db72cfd0ef8b79
91,0,PHAN_STRICT_POSTHOC,18,PAYLOAD,2,2,N,0,0,f7f31345a1f8cd81,d6fdbd858942d985
92,0,NULO,59,PAYLOAD,43,3,U,8,1,4cfd64574be51110,958794348209a838
93,1,NULO,3,HEADER,-1,-1,,-1,1,4cfd64574be51110,958794348209a838
94,0,PHAN_STRICT_POSTHOC,33,PAYLOAD,17,2,N,3,1,f7f31345a1f8cd81,d6fdbd858942d985
95,2,PHAN_STRICT_POSTHOC,42,PAYLOAD,26,1,A,5,0,f7f31345a1f8cd81,d6fdbd858942d985
96,1,NULO,36,PAYLOAD,20,0,J,4,1,4cfd64574be51110,958794348209a838
97,0,PHAN_STRICT_POSTHOC,24,PAYLOAD,8,3,U,1,0,f7f31345a1f8cd81,d6fdbd858942d985
98,0,PHAN_STRICT_POSTHOC,29,PAYLOAD,13,3,U,2,1,f7f31345a1f8cd81,d6fdbd858942d985
99,0,REAL,45,PAYLOAD,29,4,S,5,0,f7f31345a1f8cd81,d6fdbd858942d985
100,2,PHAN_STRICT_POSTHOC,31,PAYLOAD,15,0,J,3,0,f7f31345a1f8cd81,d6fdbd858942d985
101,2,PHAN_STRICT_POSTHOC,47,PAYLOAD,31,1,A,6,0,f7f31345a1f8cd81,d6fdbd858942d985
102,2,REAL,44,PAYLOAD,28,3,U,5,1,1145d10ea689307a,45d066a2b0da3167
103,2,PHAN_STRICT_POSTHOC,44,PAYLOAD,28,3,U,5,1,f7f31345a1f8cd81,d6fdbd858942d985
104,2,REAL,26,PAYLOAD,10,0,J,2,0,f7f31345a1f8cd81,d6fdbd858942d985
105,1,PHAN_STRICT_POSTHOC,52,PAYLOAD,36,1,A,7,1,f7f31345a1f8cd81,d6fdbd858942d985
106,2,NULO,36,PAYLOAD,20,0,J,4,1,4cfd64574be51110,958794348209a838
107,0,PHAN_STRICT_POSTHOC,48,PAYLOAD,32,2,N,6,1,f7f31345a1f8cd81,d6fdbd858942d985
108,2,REAL,25,PAYLOAD,9,4,S,1,0,f7f31345a1f8cd81,d6fdbd858942d985
109,0,NULO,13,HEADER,-1,-1,,-1,1,4cfd64574be51110,958794348209a838
110,1,REAL,28,PAYLOAD,12,2,N,2,0,f7f31345a1f8cd81,d6fdbd858942d985
111,0,NULO,45,PAYLOAD,29,4,S,5,0,ac38ecf3e7ea6c8f,11db72cfd0ef8b79
112,0,REAL,4,HEADER,-1,-1,,-1,0,f7f31345a1f8cd81,d6fdbd858942d985
113,1,REAL,24,PAYLOAD,8,3,U,1,0,f7f31345a1f8cd81,d6fdbd858942d985
114,0,REAL,19,PAYLOAD,3,3,U,0,0,f7f31345a1f8cd81,d6fdbd858942d985
115,0,NULO,27,PAYLOAD,11,1,A,2,0,ac38ecf3e7ea6c8f,11db72cfd0ef8b79
116,0,NULO,52,PAYLOAD,36,1,A,7,1,4cfd64574be51110,958794348209a838
117,1,PHAN_STRICT_POSTHOC,49,PAYLOAD,33,3,U,6,0,f7f31345a1f8cd81,d6fdbd858942d985
118,1,REAL,31,PAYLOAD,15,0,J,3,0,f7f31345a1f8cd81,d6fdbd858942d985
119,2,REAL,11,HEADER,-1,-1,,-1,1,1145d10ea689307a,45d066a2b0da3167
120,1,PHAN_STRICT_POSTHOC,37,PAYLOAD,21,1,A,4,0,f7f31345a1f8cd81,d6fdbd858942d985
121,2,REAL,32,PAYLOAD,16,1,A,3,0,f7f31345a1f8cd81,d6fdbd858942d985
122,0,NULO,29,PAYLOAD,13,3,U,2,1,4cfd64574be51110,958794348209a838
123,0,PHAN_STRICT_POSTHOC,10,HEADER,-1,-1,,-1,0,f7f31345a1f8cd81,d6fdbd858942d985
124,2,REAL,41,PAYLOAD,25,0,J,5,0,f7f31345a1f8cd81,d6fdbd858942d985
125,2,NULO,8,HEADER,-1,-1,,-1,0,ac38ecf3e7ea6c8f,11db72cfd0ef8b79
126,2,REAL,33,PAYLOAD,17,2,N,3,1,1145d10ea689307a,45d066a2b0da3167
127,1,PHAN_STRICT_POSTHOC,46,PAYLOAD,30,0,J,6,1,f7f31345a1f8cd81,d6fdbd858942d985
128,0,PHAN_STRICT_POSTHOC,58,PAYLOAD,42,2,N,8,0,f7f31345a1f8cd81,d6fdbd858942d985
129,2,REAL,0,HEADER,-1,-1,,-1,0,f7f31345a1f8cd81,d6fdbd858942d985
130,1,NULO,13,HEADER,-1,-1,,-1,1,4cfd64574be51110,958794348209a838
131,0,REAL,11,HEADER,-1,-1,,-1,1,1145d10ea689307a,45d066a2b0da3167
132,2,REAL,47,PAYLOAD,31,1,A,6,0,f7f31345a1f8cd81,d6fdbd858942d985
133,1,REAL,57,PAYLOAD,41,1,A,8,1,1145d10ea689307a,45d066a2b0da3167
134,2,PHAN_STRICT_POSTHOC,4,HEADER,-1,-1,,-1,0,f7f31345a1f8cd81,d6fdbd858942d985
135,0,REAL,13,HEADER,-1,-1,,-1,1,1145d10ea689307a,45d066a2b0da3167
136,1,PHAN_STRICT_POSTHOC,36,PAYLOAD,20,0,J,4,1,f7f31345a1f8cd81,d6fdbd858942d985
137,2,NULO,34,PAYLOAD,18,3,U,3,1,4cfd64574be51110,958794348209a838
138,0,PHAN_STRICT_POSTHOC,45,PAYLOAD,29,4,S,5,0,f7f31345a1f8cd81,d6fdbd858942d985
139,2,NULO,31,PAYLOAD,15,0,J,3,0,ac38ecf3e7ea6c8f,11db72cfd0ef8b79
140,2,NULO,48,PAYLOAD,32,2,N,6,1,4cfd64574be51110,958794348209a838
141,2,NULO,37,PAYLOAD,21,1,A,4,0,ac38ecf3e7ea6c8f,11db72cfd0ef8b79
142,0,REAL,53,PAYLOAD,37,2,N,7,0,f7f31345a1f8cd81,d6fdbd858942d985
143,0,PHAN_STRICT_POSTHOC,38,PAYLOAD,22,2,N,4,1,f7f31345a1f8cd81,d6fdbd858942d985
144,0,NULO,8,HEADER,-1,-1,,-1,0,ac38ecf3e7ea6c8f,11db72cfd0ef8b79
145,2,REAL,12,HEADER,-1,-1,,-1,0,f7f31345a1f8cd81,d6fdbd858942d985
146,0,PHAN_STRICT_POSTHOC,31,PAYLOAD,15,0,J,3,0,f7f31345a1f8cd81,d6fdbd858942d985
147,2,PHAN_STRICT_POSTHOC,16,PAYLOAD,0,0,J,0,0,f7f31345a1f8cd81,d6fdbd858942d985
148,2,REAL,22,PAYLOAD,6,1,A,1,0,f7f31345a1f8cd81,d6fdbd858942d985
149,2,NULO,24,PAYLOAD,8,3,U,1,0,ac38ecf3e7ea6c8f,11db72cfd0ef8b79
150,1,PHAN_STRICT_POSTHOC,2,HEADER,-1,-1,,-1,0,f7f31345a1f8cd81,d6fdbd858942d985
151,0,REAL,26,PAYLOAD,10,0,J,2,0,f7f31345a1f8cd81,d6fdbd858942d985
152,0,PHAN_STRICT_POSTHOC,57,PAYLOAD,41,1,A,8,1,f7f31345a1f8cd81,d6fdbd858942d985
153,0,PHAN_STRICT_POSTHOC,19,PAYLOAD,3,3,U,0,0,f7f31345a1f8cd81,d6fdbd858942d985
154,0,PHAN_STRICT_POSTHOC,53,PAYLOAD,37,2,N,7,0,f7f31345a1f8cd81,d6fdbd858942d985
155,2,PHAN_STRICT_POSTHOC,23,PAYLOAD,7,2,N,1,0,f7f31345a1f8cd81,d6fdbd858942d985
156,0,NULO,16,PAYLOAD,0,0,J,0,0,ac38ecf3e7ea6c8f,11db72cfd0ef8b79
157,0,PHAN_STRICT_POSTHOC,17,PAYLOAD,1,1,A,0,1,f7f31345a1f8cd81,d6fdbd858942d985
158,1,PHAN_STRICT_POSTHOC,7,HEADER,-1,-1,,-1,1,f7f31345a1f8cd81,d6fdbd858942d985
159,1,REAL,32,PAYLOAD,16,1,A,3,0,f7f31345a1f8cd81,d6fdbd858942d985
160,0,NULO,11,HEADER,-1,-1,,-1,1,4cfd64574be51110,958794348209a838
161,2,PHAN_STRICT_POSTHOC,30,PAYLOAD,14,4,S,2,1,f7f31345a1f8cd81,d6fdbd858942d985
162,0,NULO,1,HEADER,-1,-1,,-1,1,4cfd64574be51110,958794348209a838
163,1,NULO,14,HEADER,-1,-1,,-1,0,ac38ecf3e7ea6c8f,11db72cfd0ef8b79
164,2,PHAN_STRICT_POSTHOC,53,PAYLOAD,37,2,N,7,0,f7f31345a1f8cd81,d6fdbd858942d985
165,0,PHAN_STRICT_POSTHOC,60,PAYLOAD,44,4,S,8,1,f7f31345a1f8cd81,d6fdbd858942d985
166,1,REAL,1,HEADER,-1,-1,,-1,1,1145d10ea689307a,45d066a2b0da3167
167,0,PHAN_STRICT_POSTHOC,7,HEADER,-1,-1,,-1,1,f7f31345a1f8cd81,d6fdbd858942d985
168,2,REAL,4,HEADER,-1,-1,,-1,0,f7f31345a1f8cd81,d6fdbd858942d985
169,2,NULO,13,HEADER,-1,-1,,-1,1,4cfd64574be51110,958794348209a838
170,0,PHAN_STRICT_POSTHOC,54,PAYLOAD,38,3,U,7,1,f7f31345a1f8cd81,d6fdbd858942d985
171,1,NULO,59,PAYLOAD,43,3,U,8,1,4cfd64574be51110,958794348209a838
172,2,PHAN_STRICT_POSTHOC,18,PAYLOAD,2,2,N,0,0,f7f31345a1f8cd81,d6fdbd858942d985
173,2,REAL,43,PAYLOAD,27,2,N,5,1,1145d10ea689307a,45d066a2b0da3167
174,1,PHAN_STRICT_POSTHOC,10,HEADER,-1,-1,,-1,0,f7f31345a1f8cd81,d6fdbd858942d985
175,0,REAL,2,HEADER,-1,-1,,-1,0,f7f31345a1f8cd81,d6fdbd858942d985
176,0,REAL,18,PAYLOAD,2,2,N,0,0,f7f31345a1f8cd81,d6fdbd858942d985
177,2,NULO,50,PAYLOAD,34,4,S,6,1,4cfd64574be51110,958794348209a838
178,1,PHAN_STRICT_POSTHOC,3,HEADER,-1,-1,,-1,1,f7f31345a1f8cd81,d6fdbd858942d985
179,0,NULO,15,HEADER,-1,-1,,-1,1,4cfd64574be51110,958794348209a838
180,1,PHAN_STRICT_POSTHOC,51,PAYLOAD,35,0,J,7,0,f7f31345a1f8cd81,d6fdbd858942d985
181,1,NULO,21,PAYLOAD,5,0,J,1,1,4cfd64574be51110,958794348209a838
182,2,NULO,12,HEADER,-1,-1,,-1,0,ac38ecf3e7ea6c8f,11db72cfd0ef8b79
183,1,PHAN_STRICT_POSTHOC,59,PAYLOAD,43,3,U,8,1,f7f31345a1f8cd81,d6fdbd858942d985
184,2,NULO,35,PAYLOAD,19,4,S,3,1,4cfd64574be51110,958794348209a838
185,1,PHAN_STRICT_POSTHOC,17,PAYLOAD,1,1,A,0,1,f7f31345a1f8cd81,d6fdbd858942d985
186,2,PHAN_STRICT_POSTHOC,48,PAYLOAD,32,2,N,6,1,f7f31345a1f8cd81,d6fdbd858942d985
187,2,PHAN_STRICT_POSTHOC,43,PAYLOAD,27,2,N,5,1,f7f31345a1f8cd81,d6fdbd858942d985
188,0,PHAN_STRICT_POSTHOC,49,PAYLOAD,33,3,U,6,0,f7f31345a1f8cd81,d6fdbd858942d985
189,0,REAL,52,PAYLOAD,36,1,A,7,1,1145d10ea689307a,45d066a2b0da3167
190,0,NULO,5,HEADER,-1,-1,,-1,1,4cfd64574be51110,958794348209a838
191,2,REAL,14,HEADER,-1,-1,,-1,0,f7f31345a1f8cd81,d6fdbd858942d985
192,0,PHAN_STRICT_POSTHOC,11,HEADER,-1,-1,,-1,1,f7f31345a1f8cd81,d6fdbd858942d985
193,0,PHAN_STRICT_POSTHOC,22,PAYLOAD,6,1,A,1,0,f7f31345a1f8cd81,d6fdbd858942d985
194,2,REAL,52,PAYLOAD,36,1,A,7,1,1145d10ea689307a,45d066a2b0da3167
195,0,PHAN_STRICT_POSTHOC,46,PAYLOAD,30,0,J,6,1,f7f31345a1f8cd81,d6fdbd858942d985
196,2,NULO,46,PAYLOAD,30,0,J,6,1,4cfd64574be51110,958794348209a838
197,1,REAL,29,PAYLOAD,13,3,U,2,1,1145d10ea689307a,45d066a2b0da3167
198,0,PHAN_STRICT_POSTHOC,36,PAYLOAD,20,0,J,4,1,f7f31345a1f8cd81,d6fdbd858942d985
199,1,PHAN_STRICT_POSTHOC,12,HEADER,-1,-1,,-1,0,f7f31345a1f8cd81,d6fdbd858942d985
200,1,REAL,26,PAYLOAD,10,0,J,2,0,f7f31345a1f8cd81,d6fdbd858942d985
201,1,REAL,44,PAYLOAD,28,3,U,5,1,1145d10ea689307a,45d066a2b0da3167
202,2,PHAN_STRICT_POSTHOC,21,PAYLOAD,5,0,J,1,1,f7f31345a1f8cd81,d6fdbd858942d985
203,0,PHAN_STRICT_POSTHOC,23,PAYLOAD,7,2,N,1,0,f7f31345a1f8cd81,d6fdbd858942d985
204,1,PHAN_STRICT_POSTHOC,4,HEADER,-1,-1,,-1,0,f7f31345a1f8cd81,d6fdbd858942d985
205,0,NULO,42,PAYLOAD,26,1,A,5,0,ac38ecf3e7ea6c8f,11db72cfd0ef8b79
206,0,REAL,60,PAYLOAD,44,4,S,8,1,1145d10ea689307a,45d066a2b0da3167
207,0,PHAN_STRICT_POSTHOC,50,PAYLOAD,34,4,S,6,1,f7f31345a1f8cd81,d6fdbd858942d985
208,2,PHAN_STRICT_POSTHOC,35,PAYLOAD,19,4,S,3,1,f7f31345a1f8cd81,d6fdbd858942d985
209,2,REAL,9,HEADER,-1,-1,,-1,1,1145d10ea689307a,45d066a2b0da3167
210,0,REAL,17,PAYLOAD,1,1,A,0,1,1145d10ea689307a,45d066a2b0da3167
211,1,NULO,17,PAYLOAD,1,1,A,0,1,4cfd64574be51110,958794348209a838
212,0,REAL,20,PAYLOAD,4,4,S,0,1,1145d10ea689307a,45d066a2b0da3167
213,0,PHAN_STRICT_POSTHOC,8,HEADER,-1,-1,,-1,0,f7f31345a1f8cd81,d6fdbd858942d985
214,1,NULO,10,HEADER,-1,-1,,-1,0,ac38ecf3e7ea6c8f,11db72cfd0ef8b79
215,1,PHAN_STRICT_POSTHOC,41,PAYLOAD,25,0,J,5,0,f7f31345a1f8cd81,d6fdbd858942d985
216,2,NULO,6,HEADER,-1,-1,,-1,0,ac38ecf3e7ea6c8f,11db72cfd0ef8b79
217,2,REAL,28,PAYLOAD,12,2,N,2,0,f7f31345a1f8cd81,d6fdbd858942d985
218,2,NULO,25,PAYLOAD,9,4,S,1,0,ac38ecf3e7ea6c8f,11db72cfd0ef8b79
219,0,PHAN_STRICT_POSTHOC,27,PAYLOAD,11,1,A,2,0,f7f31345a1f8cd81,d6fdbd858942d985
220,0,REAL,12,HEADER,-1,-1,,-1,0,f7f31345a1f8cd81,d6fdbd858942d985
221,2,PHAN_STRICT_POSTHOC,56,PAYLOAD,40,0,J,8,0,f7f31345a1f8cd81,d6fdbd858942d985
222,2,REAL,13,HEADER,-1,-1,,-1,1,1145d10ea689307a,45d066a2b0da3167
223,1,PHAN_STRICT_POSTHOC,21,PAYLOAD,5,0,J,1,1,f7f31345a1f8cd81,d6fdbd858942d985
224,1,NULO,7,HEADER,-1,-1,,-1,1,4cfd64574be51110,958794348209a838
225,2,NULO,30,PAYLOAD,14,4,S,2,1,4cfd64574be51110,958794348209a838
226,1,REAL,5,HEADER,-1,-1,,-1,1,1145d10ea689307a,45d066a2b0da3167
227,2,PHAN_STRICT_POSTHOC,0,HEADER,-1,-1,,-1,0,f7f31345a1f8cd81,d6fdbd858942d985
228,0,REAL,14,HEADER,-1,-1,,-1,0,f7f31345a1f8cd81,d6fdbd858942d985
229,1,NULO,33,PAYLOAD,17,2,N,3,1,4cfd64574be51110,958794348209a838
230,0,NULO,14,HEADER,-1,-1,,-1,0,ac38ecf3e7ea6c8f,11db72cfd0ef8b79
231,1,NULO,45,PAYLOAD,29,4,S,5,0,ac38ecf3e7ea6c8f,11db72cfd0ef8b79
232,0,REAL,39,PAYLOAD,23,3,U,4,0,f7f31345a1f8cd81,d6fdbd858942d985
233,1,NULO,49,PAYLOAD,33,3,U,6,0,ac38ecf3e7ea6c8f,11db72cfd0ef8b79
234,1,REAL,0,HEADER,-1,-1,,-1,0,f7f31345a1f8cd81,d6fdbd858942d985
235,2,NULO,21,PAYLOAD,5,0,J,1,1,4cfd64574be51110,958794348209a838
236,1,NULO,25,PAYLOAD,9,4,S,1,0,ac38ecf3e7ea6c8f,11db72cfd0ef8b79
237,2,PHAN_STRICT_POSTHOC,3,HEADER,-1,-1,,-1,1,f7f31345a1f8cd81,d6fdbd858942d985
238,1,REAL,4,HEADER,-1,-1,,-1,0,f7f31345a1f8cd81,d6fdbd858942d985
239,0,PHAN_STRICT_POSTHOC,56,PAYLOAD,40,0,J,8,0,f7f31345a1f8cd81,d6fdbd858942d985
240,2,NULO,41,PAYLOAD,25,0,J,5,0,ac38ecf3e7ea6c8f,11db72cfd0ef8b79
241,2,NULO,1,HEADER,-1,-1,,-1,1,4cfd64574be51110,958794348209a838
242,2,PHAN_STRICT_POSTHOC,2,HEADER,-1,-1,,-1,0,f7f31345a1f8cd81,d6fdbd858942d985
243,1,NULO,0,HEADER,-1,-1,,-1,0,ac38ecf3e7ea6c8f,11db72cfd0ef8b79
244,1,REAL,17,PAYLOAD,1,1,A,0,1,1145d10ea689307a,45d066a2b0da3167
245,1,REAL,54,PAYLOAD,38,3,U,7,1,1145d10ea689307a,45d066a2b0da3167
246,1,NULO,53,PAYLOAD,37,2,N,7,0,ac38ecf3e7ea6c8f,11db72cfd0ef8b79
247,2,PHAN_STRICT_POSTHOC,28,PAYLOAD,12,2,N,2,0,f7f31345a1f8cd81,d6fdbd858942d985
248,1,PHAN_STRICT_POSTHOC,53,PAYLOAD,37,2,N,7,0,f7f31345a1f8cd81,d6fdbd858942d985
249,2,REAL,21,PAYLOAD,5,0,J,1,1,1145d10ea689307a,45d066a2b0da3167
250,0,REAL,42,PAYLOAD,26,1,A,5,0,f7f31345a1f8cd81,d6fdbd858942d985
251,0,REAL,15,HEADER,-1,-1,,-1,1,1145d10ea689307a,45d066a2b0da3167
252,1,PHAN_STRICT_POSTHOC,18,PAYLOAD,2,2,N,0,0,f7f31345a1f8cd81,d6fdbd858942d985
253,2,NULO,3,HEADER,-1,-1,,-1,1,4cfd64574be51110,958794348209a838
254,1,REAL,38,PAYLOAD,22,2,N,4,1,1145d10ea689307a,45d066a2b0da3167
255,2,REAL,53,PAYLOAD,37,2,N,7,0,f7f31345a1f8cd81,d6fdbd858942d985
256,1,NULO,2,HEADER,-1,-1,,-1,0,ac38ecf3e7ea6c8f,11db72cfd0ef8b79
257,1,NULO,56,PAYLOAD,40,0,J,8,0,ac38ecf3e7ea6c8f,11db72cfd0ef8b79
258,1,NULO,47,PAYLOAD,31,1,A,6,0,ac38ecf3e7ea6c8f,11db72cfd0ef8b79
259,0,NULO,24,PAYLOAD,8,3,U,1,0,ac38ecf3e7ea6c8f,11db72cfd0ef8b79
260,1,NULO,58,PAYLOAD,42,2,N,8,0,ac38ecf3e7ea6c8f,11db72cfd0ef8b79
261,0,REAL,47,PAYLOAD,31,1,A,6,0,f7f31345a1f8cd81,d6fdbd858942d985
262,0,REAL,7,HEADER,-1,-1,,-1,1,1145d10ea689307a,45d066a2b0da3167
263,2,PHAN_STRICT_POSTHOC,59,PAYLOAD,43,3,U,8,1,f7f31345a1f8cd81,d6fdbd858942d985
264,1,PHAN_STRICT_POSTHOC,34,PAYLOAD,18,3,U,3,1,f7f31345a1f8cd81,d6fdbd858942d985
265,1,REAL,43,PAYLOAD,27,2,N,5,1,1145d10ea689307a,45d066a2b0da3167
266,0,REAL,38,PAYLOAD,22,2,N,4,1,1145d10ea689307a,45d066a2b0da3167
267,2,REAL,51,PAYLOAD,35,0,J,7,0,f7f31345a1f8cd81,d6fdbd858942d985
268,2,PHAN_STRICT_POSTHOC,41,PAYLOAD,25,0,J,5,0,f7f31345a1f8cd81,d6fdbd858942d985
269,1,PHAN_STRICT_POSTHOC,8,HEADER,-1,-1,,-1,0,f7f31345a1f8cd81,d6fdbd858942d985
270,0,NULO,32,PAYLOAD,16,1,A,3,0,ac38ecf3e7ea6c8f,11db72cfd0ef8b79
271,2,NULO,27,PAYLOAD,11,1,A,2,0,ac38ecf3e7ea6c8f,11db72cfd0ef8b79
272,2,REAL,60,PAYLOAD,44,4,S,8,1,1145d10ea689307a,45d066a2b0da3167
273,1,REAL,46,PAYLOAD,30,0,J,6,1,1145d10ea689307a,45d066a2b0da3167
274,1,PHAN_STRICT_POSTHOC,42,PAYLOAD,26,1,A,5,0,f7f31345a1f8cd81,d6fdbd858942d985
275,2,PHAN_STRICT_POSTHOC,7,HEADER,-1,-1,,-1,1,f7f31345a1f8cd81,d6fdbd858942d985
276,0,PHAN_STRICT_POSTHOC,5,HEADER,-1,-1,,-1,1,f7f31345a1f8cd81,d6fdbd858942d985
277,0,REAL,55,PAYLOAD,39,4,S,7,1,1145d10ea689307a,45d066a2b0da3167
278,1,PHAN_STRICT_POSTHOC,13,HEADER,-1,-1,,-1,1,f7f31345a1f8cd81,d6fdbd858942d985
279,1,REAL,23,PAYLOAD,7,2,N,1,0,f7f31345a1f8cd81,d6fdbd858942d985
280,0,REAL,31,PAYLOAD,15,0,J,3,0,f7f31345a1f8cd81,d6fdbd858942d985
281,0,REAL,50,PAYLOAD,34,4,S,6,1,1145d10ea689307a,45d066a2b0da3167
282,2,PHAN_STRICT_POSTHOC,45,PAYLOAD,29,4,S,5,0,f7f31345a1f8cd81,d6fdbd858942d985
283,2,REAL,30,PAYLOAD,14,4,S,2,1,1145d10ea689307a,45d066a2b0da3167
284,1,REAL,27,PAYLOAD,11,1,A,2,0,f7f31345a1f8cd81,d6fdbd858942d985
285,1,PHAN_STRICT_POSTHOC,27,PAYLOAD,11,1,A,2,0,f7f31345a1f8cd81,d6fdbd858942d985
286,2,NULO,47,PAYLOAD,31,1,A,6,0,ac38ecf3e7ea6c8f,11db72cfd0ef8b79
287,2,PHAN_STRICT_POSTHOC,33,PAYLOAD,17,2,N,3,1,f7f31345a1f8cd81,d6fdbd858942d985
288,0,REAL,49,PAYLOAD,33,3,U,6,0,f7f31345a1f8cd81,d6fdbd858942d985
289,0,REAL,48,PAYLOAD,32,2,N,6,1,1145d10ea689307a,45d066a2b0da3167
290,0,NULO,36,PAYLOAD,20,0,J,4,1,4cfd64574be51110,958794348209a838
291,1,REAL,25,PAYLOAD,9,4,S,1,0,f7f31345a1f8cd81,d6fdbd858942d985
292,1,NULO,50,PAYLOAD,34,4,S,6,1,4cfd64574be51110,958794348209a838
293,0,PHAN_STRICT_POSTHOC,2,HEADER,-1,-1,,-1,0,f7f31345a1f8cd81,d6fdbd858942d985
294,1,REAL,59,PAYLOAD,43,3,U,8,1,1145d10ea689307a,45d066a2b0da3167
295,2,PHAN_STRICT_POSTHOC,8,HEADER,-1,-1,,-1,0,f7f31345a1f8cd81,d6fdbd858942d985
296,1,NULO,48,PAYLOAD,32,2,N,6,1,4cfd64574be51110,958794348209a838
297,0,NULO,6,HEADER,-1,-1,,-1,0,ac38ecf3e7ea6c8f,11db72cfd0ef8b79
298,1,PHAN_STRICT_POSTHOC,25,PAYLOAD,9,4,S,1,0,f7f31345a1f8cd81,d6fdbd858942d985
299,0,NULO,48,PAYLOAD,32,2,N,6,1,4cfd64574be51110,958794348209a838
300,2,PHAN_STRICT_POSTHOC,32,PAYLOAD,16,1,A,3,0,f7f31345a1f8cd81,d6fdbd858942d985
301,2,NULO,54,PAYLOAD,38,3,U,7,1,4cfd64574be51110,958794348209a838
302,0,NULO,60,PAYLOAD,44,4,S,8,1,4cfd64574be51110,958794348209a838
303,1,NULO,19,PAYLOAD,3,3,U,0,0,ac38ecf3e7ea6c8f,11db72cfd0ef8b79
304,1,PHAN_STRICT_POSTHOC,28,PAYLOAD,12,2,N,2,0,f7f31345a1f8cd81,d6fdbd858942d985
305,0,PHAN_STRICT_POSTHOC,47,PAYLOAD,31,1,A,6,0,f7f31345a1f8cd81,d6fdbd858942d985
306,2,NULO,17,PAYLOAD,1,1,A,0,1,4cfd64574be51110,958794348209a838
307,0,REAL,34,PAYLOAD,18,3,U,3,1,1145d10ea689307a,45d066a2b0da3167
308,1,PHAN_STRICT_POSTHOC,9,HEADER,-1,-1,,-1,1,f7f31345a1f8cd81,d6fdbd858942d985
309,2,PHAN_STRICT_POSTHOC,50,PAYLOAD,34,4,S,6,1,f7f31345a1f8cd81,d6fdbd858942d985
310,2,NULO,40,PAYLOAD,24,4,S,4,0,ac38ecf3e7ea6c8f,11db72cfd0ef8b79
311,0,REAL,3,HEADER,-1,-1,,-1,1,1145d10ea689307a,45d066a2b0da3167
312,2,REAL,48,PAYLOAD,32,2,N,6,1,1145d10ea689307a,45d066a2b0da3167
313,2,PHAN_STRICT_POSTHOC,12,HEADER,-1,-1,,-1,0,f7f31345a1f8cd81,d6fdbd858942d985
314,2,NULO,19,PAYLOAD,3,3,U,0,0,ac38ecf3e7ea6c8f,11db72cfd0ef8b79
315,2,NULO,22,PAYLOAD,6,1,A,1,0,ac38ecf3e7ea6c8f,11db72cfd0ef8b79
316,1,NULO,57,PAYLOAD,41,1,A,8,1,4cfd64574be51110,958794348209a838
317,0,REAL,10,HEADER,-1,-1,,-1,0,f7f31345a1f8cd81,d6fdbd858942d985
318,0,PHAN_STRICT_POSTHOC,51,PAYLOAD,35,0,J,7,0,f7f31345a1f8cd81,d6fdbd858942d985
319,2,REAL,34,PAYLOAD,18,3,U,3,1,1145d10ea689307a,45d066a2b0da3167
320,0,NULO,54,PAYLOAD,38,3,U,7,1,4cfd64574be51110,958794348209a838
321,2,REAL,59,PAYLOAD,43,3,U,8,1,1145d10ea689307a,45d066a2b0da3167
322,0,NULO,0,HEADER,-1,-1,,-1,0,ac38ecf3e7ea6c8f,11db72cfd0ef8b79
323,1,REAL,48,PAYLOAD,32,2,N,6,1,1145d10ea689307a,45d066a2b0da3167
324,1,NULO,20,PAYLOAD,4,4,S,0,1,4cfd64574be51110,958794348209a838
325,1,REAL,41,PAYLOAD,25,0,J,5,0,f7f31345a1f8cd81,d6fdbd858942d985
326,1,PHAN_STRICT_POSTHOC,57,PAYLOAD,41,1,A,8,1,f7f31345a1f8cd81,d6fdbd858942d985
327,2,REAL,50,PAYLOAD,34,4,S,6,1,1145d10ea689307a,45d066a2b0da3167
328,2,PHAN_STRICT_POSTHOC,34,PAYLOAD,18,3,U,3,1,f7f31345a1f8cd81,d6fdbd858942d985
329,0,NULO,41,PAYLOAD,25,0,J,5,0,ac38ecf3e7ea6c8f,11db72cfd0ef8b79
330,2,PHAN_STRICT_POSTHOC,6,HEADER,-1,-1,,-1,0,f7f31345a1f8cd81,d6fdbd858942d985
331,2,NULO,7,HEADER,-1,-1,,-1,1,4cfd64574be51110,958794348209a838
332,2,REAL,36,PAYLOAD,20,0,J,4,1,1145d10ea689307a,45d066a2b0da3167
333,1,PHAN_STRICT_POSTHOC,5,HEADER,-1,-1,,-1,1,f7f31345a1f8cd81,d6fdbd858942d985
334,2,PHAN_STRICT_POSTHOC,1,HEADER,-1,-1,,-1,1,f7f31345a1f8cd81,d6fdbd858942d985
335,2,NULO,51,PAYLOAD,35,0,J,7,0,ac38ecf3e7ea6c8f,11db72cfd0ef8b79
336,0,NULO,23,PAYLOAD,7,2,N,1,0,ac38ecf3e7ea6c8f,11db72cfd0ef8b79
337,2,PHAN_STRICT_POSTHOC,58,PAYLOAD,42,2,N,8,0,f7f31345a1f8cd81,d6fdbd858942d985
338,1,REAL,60,PAYLOAD,44,4,S,8,1,1145d10ea689307a,45d066a2b0da3167
339,1,PHAN_STRICT_POSTHOC,32,PAYLOAD,16,1,A,3,0,f7f31345a1f8cd81,d6fdbd858942d985
340,0,NULO,4,HEADER,-1,-1,,-1,0,ac38ecf3e7ea6c8f,11db72cfd0ef8b79
341,0,NULO,3,HEADER,-1,-1,,-1,1,4cfd64574be51110,958794348209a838
342,1,NULO,28,PAYLOAD,12,2,N,2,0,ac38ecf3e7ea6c8f,11db72cfd0ef8b79
343,2,PHAN_STRICT_POSTHOC,5,HEADER,-1,-1,,-1,1,f7f31345a1f8cd81,d6fdbd858942d985
344,1,NULO,4,HEADER,-1,-1,,-1,0,ac38ecf3e7ea6c8f,11db72cfd0ef8b79
345,0,REAL,43,PAYLOAD,27,2,N,5,1,1145d10ea689307a,45d066a2b0da3167
346,2,NULO,60,PAYLOAD,44,4,S,8,1,4cfd64574be51110,958794348209a838
347,2,NULO,59,PAYLOAD,43,3,U,8,1,4cfd64574be51110,958794348209a838
348,0,PHAN_STRICT_POSTHOC,1,HEADER,-1,-1,,-1,1,f7f31345a1f8cd81,d6fdbd858942d985
349,0,REAL,29,PAYLOAD,13,3,U,2,1,1145d10ea689307a,45d066a2b0da3167
350,0,PHAN_STRICT_POSTHOC,0,HEADER,-1,-1,,-1,0,f7f31345a1f8cd81,d6fdbd858942d985
351,0,PHAN_STRICT_POSTHOC,35,PAYLOAD,19,4,S,3,1,f7f31345a1f8cd81,d6fdbd858942d985
352,2,REAL,49,PAYLOAD,33,3,U,6,0,f7f31345a1f8cd81,d6fdbd858942d985
353,2,NULO,18,PAYLOAD,2,2,N,0,0,ac38ecf3e7ea6c8f,11db72cfd0ef8b79
354,0,REAL,9,HEADER,-1,-1,,-1,1,1145d10ea689307a,45d066a2b0da3167
355,2,PHAN_STRICT_POSTHOC,57,PAYLOAD,41,1,A,8,1,f7f31345a1f8cd81,d6fdbd858942d985
356,0,PHAN_STRICT_POSTHOC,43,PAYLOAD,27,2,N,5,1,f7f31345a1f8cd81,d6fdbd858942d985
357,1,PHAN_STRICT_POSTHOC,1,HEADER,-1,-1,,-1,1,f7f31345a1f8cd81,d6fdbd858942d985
358,0,REAL,0,HEADER,-1,-1,,-1,0,f7f31345a1f8cd81,d6fdbd858942d985
359,1,NULO,27,PAYLOAD,11,1,A,2,0,ac38ecf3e7ea6c8f,11db72cfd0ef8b79
360,1,NULO,32,PAYLOAD,16,1,A,3,0,ac38ecf3e7ea6c8f,11db72cfd0ef8b79
361,0,NULO,21,PAYLOAD,5,0,J,1,1,4cfd64574be51110,958794348209a838
362,1,REAL,8,HEADER,-1,-1,,-1,0,f7f31345a1f8cd81,d6fdbd858942d985
363,2,REAL,40,PAYLOAD,24,4,S,4,0,f7f31345a1f8cd81,d6fdbd858942d985
364,0,NULO,40,PAYLOAD,24,4,S,4,0,ac38ecf3e7ea6c8f,11db72cfd0ef8b79
365,2,NULO,39,PAYLOAD,23,3,U,4,0,ac38ecf3e7ea6c8f,11db72cfd0ef8b79
366,2,REAL,5,HEADER,-1,-1,,-1,1,1145d10ea689307a,45d066a2b0da3167
367,2,NULO,29,PAYLOAD,13,3,U,2,1,4cfd64574be51110,958794348209a838
368,0,PHAN_STRICT_POSTHOC,30,PAYLOAD,14,4,S,2,1,f7f31345a1f8cd81,d6fdbd858942d985
369,1,PHAN_STRICT_POSTHOC,15,HEADER,-1,-1,,-1,1,f7f31345a1f8cd81,d6fdbd858942d985
370,0,REAL,54,PAYLOAD,38,3,U,7,1,1145d10ea689307a,45d066a2b0da3167
371,1,NULO,15,HEADER,-1,-1,,-1,1,4cfd64574be51110,958794348209a838
372,0,NULO,30,PAYLOAD,14,4,S,2,1,4cfd64574be51110,958794348209a838
373,1,NULO,12,HEADER,-1,-1,,-1,0,ac38ecf3e7ea6c8f,11db72cfd0ef8b79
374,2,REAL,55,PAYLOAD,39,4,S,7,1,1145d10ea689307a,45d066a2b0da3167
375,2,REAL,2,HEADER,-1,-1,,-1,0,f7f31345a1f8cd81,d6fdbd858942d985
376,2,REAL,24,PAYLOAD,8,3,U,1,0,f7f31345a1f8cd81,d6fdbd858942d985
377,0,REAL,1,HEADER,-1,-1,,-1,1,1145d10ea689307a,45d066a2b0da3167
378,2,NULO,53,PAYLOAD,37,2,N,7,0,ac38ecf3e7ea6c8f,11db72cfd0ef8b79
379,0,NULO,19,PAYLOAD,3,3,U,0,0,ac38ecf3e7ea6c8f,11db72cfd0ef8b79
380,1,REAL,39,PAYLOAD,23,3,U,4,0,f7f31345a1f8cd81,d6fdbd858942d985
381,2,PHAN_STRICT_POSTHOC,15,HEADER,-1,-1,,-1,1,f7f31345a1f8cd81,d6fdbd858942d985
382,0,REAL,57,PAYLOAD,41,1,A,8,1,1145d10ea689307a,45d066a2b0da3167
383,0,PHAN_STRICT_POSTHOC,52,PAYLOAD,36,1,A,7,1,f7f31345a1f8cd81,d6fdbd858942d985
384,1,PHAN_STRICT_POSTHOC,23,PAYLOAD,7,2,N,1,0,f7f31345a1f8cd81,d6fdbd858942d985
385,2,NULO,44,PAYLOAD,28,3,U,5,1,4cfd64574be51110,958794348209a838
386,2,REAL,18,PAYLOAD,2,2,N,0,0,f7f31345a1f8cd81,d6fdbd858942d985
387,2,PHAN_STRICT_POSTHOC,22,PAYLOAD,6,1,A,1,0,f7f31345a1f8cd81,d6fdbd858942d985
388,2,NULO,42,PAYLOAD,26,1,A,5,0,ac38ecf3e7ea6c8f,11db72cfd0ef8b79
389,0,REAL,58,PAYLOAD,42,2,N,8,0,f7f31345a1f8cd81,d6fdbd858942d985
390,2,REAL,3,HEADER,-1,-1,,-1,1,1145d10ea689307a,45d066a2b0da3167
391,2,REAL,37,PAYLOAD,21,1,A,4,0,f7f31345a1f8cd81,d6fdbd858942d985
392,0,REAL,5,HEADER,-1,-1,,-1,1,1145d10ea689307a,45d066a2b0da3167
393,1,NULO,39,PAYLOAD,23,3,U,4,0,ac38ecf3e7ea6c8f,11db72cfd0ef8b79
394,0,PHAN_STRICT_POSTHOC,6,HEADER,-1,-1,,-1,0,f7f31345a1f8cd81,d6fdbd858942d985
395,2,PHAN_STRICT_POSTHOC,25,PAYLOAD,9,4,S,1,0,f7f31345a1f8cd81,d6fdbd858942d985
396,1,REAL,56,PAYLOAD,40,0,J,8,0,f7f31345a1f8cd81,d6fdbd858942d985
397,2,REAL,35,PAYLOAD,19,4,S,3,1,1145d10ea689307a,45d066a2b0da3167
398,1,REAL,12,HEADER,-1,-1,,-1,0,f7f31345a1f8cd81,d6fdbd858942d985
399,1,REAL,14,HEADER,-1,-1,,-1,0,f7f31345a1f8cd81,d6fdbd858942d985
400,2,PHAN_STRICT_POSTHOC,51,PAYLOAD,35,0,J,7,0,f7f31345a1f8cd81,d6fdbd858942d985
401,1,PHAN_STRICT_POSTHOC,0,HEADER,-1,-1,,-1,0,f7f31345a1f8cd81,d6fdbd858942d985
402,1,REAL,33,PAYLOAD,17,2,N,3,1,1145d10ea689307a,45d066a2b0da3167
403,2,PHAN_STRICT_POSTHOC,36,PAYLOAD,20,0,J,4,1,f7f31345a1f8cd81,d6fdbd858942d985
404,0,NULO,20,PAYLOAD,4,4,S,0,1,4cfd64574be51110,958794348209a838
405,2,PHAN_STRICT_POSTHOC,13,HEADER,-1,-1,,-1,1,f7f31345a1f8cd81,d6fdbd858942d985
406,0,NULO,17,PAYLOAD,1,1,A,0,1,4cfd64574be51110,958794348209a838
407,0,REAL,56,PAYLOAD,40,0,J,8,0,f7f31345a1f8cd81,d6fdbd858942d985
408,0,REAL,24,PAYLOAD,8,3,U,1,0,f7f31345a1f8cd81,d6fdbd858942d985
409,2,REAL,20,PAYLOAD,4,4,S,0,1,1145d10ea689307a,45d066a2b0da3167
410,0,REAL,46,PAYLOAD,30,0,J,6,1,1145d10ea689307a,45d066a2b0da3167
411,1,NULO,8,HEADER,-1,-1,,-1,0,ac38ecf3e7ea6c8f,11db72cfd0ef8b79
412,1,NULO,16,PAYLOAD,0,0,J,0,0,ac38ecf3e7ea6c8f,11db72cfd0ef8b79
413,0,NULO,9,HEADER,-1,-1,,-1,1,4cfd64574be51110,958794348209a838
414,2,PHAN_STRICT_POSTHOC,11,HEADER,-1,-1,,-1,1,f7f31345a1f8cd81,d6fdbd858942d985
415,2,PHAN_STRICT_POSTHOC,9,HEADER,-1,-1,,-1,1,f7f31345a1f8cd81,d6fdbd858942d985
416,1,REAL,21,PAYLOAD,5,0,J,1,1,1145d10ea689307a,45d066a2b0da3167
417,1,NULO,54,PAYLOAD,38,3,U,7,1,4cfd64574be51110,958794348209a838
418,1,REAL,36,PAYLOAD,20,0,J,4,1,1145d10ea689307a,45d066a2b0da3167
419,1,NULO,55,PAYLOAD,39,4,S,7,1,4cfd64574be51110,958794348209a838
420,2,REAL,16,PAYLOAD,0,0,J,0,0,f7f31345a1f8cd81,d6fdbd858942d985
421,0,PHAN_STRICT_POSTHOC,12,HEADER,-1,-1,,-1,0,f7f31345a1f8cd81,d6fdbd858942d985
422,1,NULO,31,PAYLOAD,15,0,J,3,0,ac38ecf3e7ea6c8f,11db72cfd0ef8b79
423,1,NULO,43,PAYLOAD,27,2,N,5,1,4cfd64574be51110,958794348209a838
424,2,REAL,15,HEADER,-1,-1,,-1,1,1145d10ea689307a,45d066a2b0da3167
425,0,PHAN_STRICT_POSTHOC,4,HEADER,-1,-1,,-1,0,f7f31345a1f8cd81,d6fdbd858942d985
426,0,NULO,10,HEADER,-1,-1,,-1,0,ac38ecf3e7ea6c8f,11db72cfd0ef8b79
427,0,PHAN_STRICT_POSTHOC,13,HEADER,-1,-1,,-1,1,f7f31345a1f8cd81,d6fdbd858942d985
428,0,NULO,12,HEADER,-1,-1,,-1,0,ac38ecf3e7ea6c8f,11db72cfd0ef8b79
429,1,REAL,51,PAYLOAD,35,0,J,7,0,f7f31345a1f8cd81,d6fdbd858942d985
430,1,PHAN_STRICT_POSTHOC,24,PAYLOAD,8,3,U,1,0,f7f31345a1f8cd81,d6fdbd858942d985
431,1,REAL,19,PAYLOAD,3,3,U,0,0,f7f31345a1f8cd81,d6fdbd858942d985
432,1,NULO,11,HEADER,-1,-1,,-1,1,4cfd64574be51110,958794348209a838
433,1,PHAN_STRICT_POSTHOC,30,PAYLOAD,14,4,S,2,1,f7f31345a1f8cd81,d6fdbd858942d985
434,2,NULO,11,HEADER,-1,-1,,-1,1,4cfd64574be51110,958794348209a838
435,2,NULO,15,HEADER,-1,-1,,-1,1,4cfd64574be51110,958794348209a838
436,2,PHAN_STRICT_POSTHOC,27,PAYLOAD,11,1,A,2,0,f7f31345a1f8cd81,d6fdbd858942d985
437,1,NULO,46,PAYLOAD,30,0,J,6,1,4cfd64574be51110,958794348209a838
438,0,NULO,47,PAYLOAD,31,1,A,6,0,ac38ecf3e7ea6c8f,11db72cfd0ef8b79
439,0,REAL,33,PAYLOAD,17,2,N,3,1,1145d10ea689307a,45d066a2b0da3167
440,0,PHAN_STRICT_POSTHOC,15,HEADER,-1,-1,,-1,1,f7f31345a1f8cd81,d6fdbd858942d985
441,1,REAL,22,PAYLOAD,6,1,A,1,0,f7f31345a1f8cd81,d6fdbd858942d985
442,0,PHAN_STRICT_POSTHOC,39,PAYLOAD,23,3,U,4,0,f7f31345a1f8cd81,d6fdbd858942d985
443,2,REAL,46,PAYLOAD,30,0,J,6,1,1145d10ea689307a,45d066a2b0da3167
444,0,REAL,16,PAYLOAD,0,0,J,0,0,f7f31345a1f8cd81,d6fdbd858942d985
445,2,REAL,54,PAYLOAD,38,3,U,7,1,1145d10ea689307a,45d066a2b0da3167
446,0,NULO,56,PAYLOAD,40,0,J,8,0,ac38ecf3e7ea6c8f,11db72cfd0ef8b79
447,0,REAL,28,PAYLOAD,12,2,N,2,0,f7f31345a1f8cd81,d6fdbd858942d985
448,2,REAL,31,PAYLOAD,15,0,J,3,0,f7f31345a1f8cd81,d6fdbd858942d985
449,2,REAL,27,PAYLOAD,11,1,A,2,0,f7f31345a1f8cd81,d6fdbd858942d985
450,2,NULO,4,HEADER,-1,-1,,-1,0,ac38ecf3e7ea6c8f,11db72cfd0ef8b79
451,0,PHAN_STRICT_POSTHOC,44,PAYLOAD,28,3,U,5,1,f7f31345a1f8cd81,d6fdbd858942d985
452,1,PHAN_STRICT_POSTHOC,45,PAYLOAD,29,4,S,5,0,f7f31345a1f8cd81,d6fdbd858942d985
453,0,NULO,51,PAYLOAD,35,0,J,7,0,ac38ecf3e7ea6c8f,11db72cfd0ef8b79
454,1,NULO,41,PAYLOAD,25,0,J,5,0,ac38ecf3e7ea6c8f,11db72cfd0ef8b79
455,2,PHAN_STRICT_POSTHOC,26,PAYLOAD,10,0,J,2,0,f7f31345a1f8cd81,d6fdbd858942d985
456,1,PHAN_STRICT_POSTHOC,22,PAYLOAD,6,1,A,1,0,f7f31345a1f8cd81,d6fdbd858942d985
457,0,PHAN_STRICT_POSTHOC,16,PAYLOAD,0,0,J,0,0,f7f31345a1f8cd81,d6fdbd858942d985
458,2,NULO,55,PAYLOAD,39,4,S,7,1,4cfd64574be51110,958794348209a838
459,1,REAL,53,PAYLOAD,37,2,N,7,0,f7f31345a1f8cd81,d6fdbd858942d985
460,2,NULO,49,PAYLOAD,33,3,U,6,0,ac38ecf3e7ea6c8f,11db72cfd0ef8b79
461,0,PHAN_STRICT_POSTHOC,3,HEADER,-1,-1,,-1,1,f7f31345a1f8cd81,d6fdbd858942d985
462,2,REAL,7,HEADER,-1,-1,,-1,1,1145d10ea689307a,45d066a2b0da3167
463,1,NULO,29,PAYLOAD,13,3,U,2,1,4cfd64574be51110,958794348209a838
464,0,NULO,26,PAYLOAD,10,0,J,2,0,ac38ecf3e7ea6c8f,11db72cfd0ef8b79
465,2,NULO,52,PAYLOAD,36,1,A,7,1,4cfd64574be51110,958794348209a838
466,1,PHAN_STRICT_POSTHOC,6,HEADER,-1,-1,,-1,0,f7f31345a1f8cd81,d6fdbd858942d985
467,0,REAL,36,PAYLOAD,20,0,J,4,1,1145d10ea689307a,45d066a2b0da3167
468,1,PHAN_STRICT_POSTHOC,26,PAYLOAD,10,0,J,2,0,f7f31345a1f8cd81,d6fdbd858942d985
469,1,PHAN_STRICT_POSTHOC,44,PAYLOAD,28,3,U,5,1,f7f31345a1f8cd81,d6fdbd858942d985
470,1,PHAN_STRICT_POSTHOC,54,PAYLOAD,38,3,U,7,1,f7f31345a1f8cd81,d6fdbd858942d985
471,0,PHAN_STRICT_POSTHOC,14,HEADER,-1,-1,,-1,0,f7f31345a1f8cd81,d6fdbd858942d985
472,1,PHAN_STRICT_POSTHOC,38,PAYLOAD,22,2,N,4,1,f7f31345a1f8cd81,d6fdbd858942d985
473,0,NULO,46,PAYLOAD,30,0,J,6,1,4cfd64574be51110,958794348209a838
474,0,PHAN_STRICT_POSTHOC,59,PAYLOAD,43,3,U,8,1,f7f31345a1f8cd81,d6fdbd858942d985
475,1,REAL,6,HEADER,-1,-1,,-1,0,f7f31345a1f8cd81,d6fdbd858942d985
476,0,NULO,22,PAYLOAD,6,1,A,1,0,ac38ecf3e7ea6c8f,11db72cfd0ef8b79
477,1,REAL,3,HEADER,-1,-1,,-1,1,1145d10ea689307a,45d066a2b0da3167
478,2,NULO,0,HEADER,-1,-1,,-1,0,ac38ecf3e7ea6c8f,11db72cfd0ef8b79
479,1,PHAN_STRICT_POSTHOC,20,PAYLOAD,4,4,S,0,1,f7f31345a1f8cd81,d6fdbd858942d985
480,1,REAL,49,PAYLOAD,33,3,U,6,0,f7f31345a1f8cd81,d6fdbd858942d985
481,2,PHAN_STRICT_POSTHOC,55,PAYLOAD,39,4,S,7,1,f7f31345a1f8cd81,d6fdbd858942d985
482,1,REAL,11,HEADER,-1,-1,,-1,1,1145d10ea689307a,45d066a2b0da3167
483,0,REAL,51,PAYLOAD,35,0,J,7,0,f7f31345a1f8cd81,d6fdbd858942d985
484,2,NULO,16,PAYLOAD,0,0,J,0,0,ac38ecf3e7ea6c8f,11db72cfd0ef8b79
485,0,NULO,58,PAYLOAD,42,2,N,8,0,ac38ecf3e7ea6c8f,11db72cfd0ef8b79
486,2,NULO,10,HEADER,-1,-1,,-1,0,ac38ecf3e7ea6c8f,11db72cfd0ef8b79
487,2,PHAN_STRICT_POSTHOC,17,PAYLOAD,1,1,A,0,1,f7f31345a1f8cd81,d6fdbd858942d985
488,0,PHAN_STRICT_POSTHOC,26,PAYLOAD,10,0,J,2,0,f7f31345a1f8cd81,d6fdbd858942d985
489,2,REAL,29,PAYLOAD,13,3,U,2,1,1145d10ea689307a,45d066a2b0da3167
490,0,NULO,55,PAYLOAD,39,4,S,7,1,4cfd64574be51110,958794348209a838
491,1,PHAN_STRICT_POSTHOC,33,PAYLOAD,17,2,N,3,1,f7f31345a1f8cd81,d6fdbd858942d985
492,0,REAL,23,PAYLOAD,7,2,N,1,0,f7f31345a1f8cd81,d6fdbd858942d985
493,0,REAL,35,PAYLOAD,19,4,S,3,1,1145d10ea689307a,45d066a2b0da3167
494,1,PHAN_STRICT_POSTHOC,55,PAYLOAD,39,4,S,7,1,f7f31345a1f8cd81,d6fdbd858942d985
495,0,NULO,37,PAYLOAD,21,1,A,4,0,ac38ecf3e7ea6c8f,11db72cfd0ef8b79
496,1,NULO,51,PAYLOAD,35,0,J,7,0,ac38ecf3e7ea6c8f,11db72cfd0ef8b79
497,1,REAL,2,HEADER,-1,-1,,-1,0,f7f31345a1f8cd81,d6fdbd858942d985
498,2,NULO,14,HEADER,-1,-1,,-1,0,ac38ecf3e7ea6c8f,11db72cfd0ef8b79
499,2,NULO,26,PAYLOAD,10,0,J,2,0,ac38ecf3e7ea6c8f,11db72cfd0ef8b79
500,1,PHAN_STRICT_POSTHOC,11,HEADER,-1,-1,,-1,1,f7f31345a1f8cd81,d6fdbd858942d985
501,1,PHAN_STRICT_POSTHOC,16,PAYLOAD,0,0,J,0,0,f7f31345a1f8cd81,d6fdbd858942d985
502,2,REAL,58,PAYLOAD,42,2,N,8,0,f7f31345a1f8cd81,d6fdbd858942d985
503,0,PHAN_STRICT_POSTHOC,28,PAYLOAD,12,2,N,2,0,f7f31345a1f8cd81,d6fdbd858942d985
504,1,NULO,38,PAYLOAD,22,2,N,4,1,4cfd64574be51110,958794348209a838
505,0,REAL,40,PAYLOAD,24,4,S,4,0,f7f31345a1f8cd81,d6fdbd858942d985
506,1,REAL,10,HEADER,-1,-1,,-1,0,f7f31345a1f8cd81,d6fdbd858942d985
507,2,NULO,45,PAYLOAD,29,4,S,5,0,ac38ecf3e7ea6c8f,11db72cfd0ef8b79
508,2,PHAN_STRICT_POSTHOC,10,HEADER,-1,-1,,-1,0,f7f31345a1f8cd81,d6fdbd858942d985
509,0,NULO,2,HEADER,-1,-1,,-1,0,ac38ecf3e7ea6c8f,11db72cfd0ef8b79
510,1,NULO,30,PAYLOAD,14,4,S,2,1,4cfd64574be51110,958794348209a838
511,2,NULO,43,PAYLOAD,27,2,N,5,1,4cfd64574be51110,958794348209a838
512,0,REAL,44,PAYLOAD,28,3,U,5,1,1145d10ea689307a,45d066a2b0da3167
513,1,NULO,26,PAYLOAD,10,0,J,2,0,ac38ecf3e7ea6c8f,11db72cfd0ef8b79
514,1,PHAN_STRICT_POSTHOC,47,PAYLOAD,31,1,A,6,0,f7f31345a1f8cd81,d6fdbd858942d985
515,2,REAL,1,HEADER,-1,-1,,-1,1,1145d10ea689307a,45d066a2b0da3167
516,0,NULO,38,PAYLOAD,22,2,N,4,1,4cfd64574be51110,958794348209a838
517,2,REAL,23,PAYLOAD,7,2,N,1,0,f7f31345a1f8cd81,d6fdbd858942d985
518,0,NULO,33,PAYLOAD,17,2,N,3,1,4cfd64574be51110,958794348209a838
519,2,PHAN_STRICT_POSTHOC,54,PAYLOAD,38,3,U,7,1,f7f31345a1f8cd81,d6fdbd858942d985
520,1,PHAN_STRICT_POSTHOC,39,PAYLOAD,23,3,U,4,0,f7f31345a1f8cd81,d6fdbd858942d985
521,1,REAL,37,PAYLOAD,21,1,A,4,0,f7f31345a1f8cd81,d6fdbd858942d985
522,0,PHAN_STRICT_POSTHOC,37,PAYLOAD,21,1,A,4,0,f7f31345a1f8cd81,d6fdbd858942d985
523,2,PHAN_STRICT_POSTHOC,40,PAYLOAD,24,4,S,4,0,f7f31345a1f8cd81,d6fdbd858942d985
524,1,PHAN_STRICT_POSTHOC,43,PAYLOAD,27,2,N,5,1,f7f31345a1f8cd81,d6fdbd858942d985
525,2,PHAN_STRICT_POSTHOC,52,PAYLOAD,36,1,A,7,1,f7f31345a1f8cd81,d6fdbd858942d985
526,0,PHAN_STRICT_POSTHOC,41,PAYLOAD,25,0,J,5,0,f7f31345a1f8cd81,d6fdbd858942d985
527,0,REAL,6,HEADER,-1,-1,,-1,0,f7f31345a1f8cd81,d6fdbd858942d985
528,1,NULO,40,PAYLOAD,24,4,S,4,0,ac38ecf3e7ea6c8f,11db72cfd0ef8b79
529,2,NULO,32,PAYLOAD,16,1,A,3,0,ac38ecf3e7ea6c8f,11db72cfd0ef8b79
530,1,REAL,42,PAYLOAD,26,1,A,5,0,f7f31345a1f8cd81,d6fdbd858942d985
531,2,NULO,2,HEADER,-1,-1,,-1,0,ac38ecf3e7ea6c8f,11db72cfd0ef8b79
532,1,REAL,20,PAYLOAD,4,4,S,0,1,1145d10ea689307a,45d066a2b0da3167
533,0,REAL,27,PAYLOAD,11,1,A,2,0,f7f31345a1f8cd81,d6fdbd858942d985
534,2,PHAN_STRICT_POSTHOC,29,PAYLOAD,13,3,U,2,1,f7f31345a1f8cd81,d6fdbd858942d985
535,1,REAL,55,PAYLOAD,39,4,S,7,1,1145d10ea689307a,45d066a2b0da3167
536,1,REAL,40,PAYLOAD,24,4,S,4,0,f7f31345a1f8cd81,d6fdbd858942d985
537,0,NULO,34,PAYLOAD,18,3,U,3,1,4cfd64574be51110,958794348209a838
538,0,REAL,30,PAYLOAD,14,4,S,2,1,1145d10ea689307a,45d066a2b0da3167
539,0,REAL,32,PAYLOAD,16,1,A,3,0,f7f31345a1f8cd81,d6fdbd858942d985
540,2,NULO,5,HEADER,-1,-1,,-1,1,4cfd64574be51110,958794348209a838
541,0,NULO,28,PAYLOAD,12,2,N,2,0,ac38ecf3e7ea6c8f,11db72cfd0ef8b79
542,0,NULO,43,PAYLOAD,27,2,N,5,1,4cfd64574be51110,958794348209a838
543,0,PHAN_STRICT_POSTHOC,20,PAYLOAD,4,4,S,0,1,f7f31345a1f8cd81,d6fdbd858942d985
544,1,REAL,45,PAYLOAD,29,4,S,5,0,f7f31345a1f8cd81,d6fdbd858942d985
545,1,NULO,6,HEADER,-1,-1,,-1,0,ac38ecf3e7ea6c8f,11db72cfd0ef8b79
546,1,NULO,37,PAYLOAD,21,1,A,4,0,ac38ecf3e7ea6c8f,11db72cfd0ef8b79
547,0,REAL,25,PAYLOAD,9,4,S,1,0,f7f31345a1f8cd81,d6fdbd858942d985
548,0,NULO,53,PAYLOAD,37,2,N,7,0,ac38ecf3e7ea6c8f,11db72cfd0ef8b79
